Loss,RMS Error
2.24033 , 0.304198
2.2925 , 0.32714
2.24637 , 0.313223
2.19834 , 0.298632
2.15036 , 0.28411
2.10219 , 0.269597
2.05353 , 0.255016
2.00412 , 0.240315
1.95378 , 0.225478
1.90234 , 0.210527
1.84975 , 0.195539
1.79596 , 0.180657
1.74101 , 0.166113
1.68499 , 0.152259
1.62803 , 0.139597
1.57031 , 0.128813
1.51204 , 0.120759
1.45347 , 0.116346
1.39486 , 0.116297
1.33649 , 0.120863
1.27864 , 0.12974
1.22158 , 0.142233
1.16559 , 0.157535
1.1109 , 0.174912
1.05773 , 0.193764
1.00628 , 0.213631
0.956696 , 0.234162
0.909108 , 0.255089
0.863602 , 0.276206
0.820236 , 0.297352
0.779035 , 0.318404
0.739997 , 0.339262
0.703097 , 0.359849
0.668289 , 0.380107
0.635512 , 0.399989
0.604692 , 0.419462
0.575744 , 0.438501
0.548578 , 0.457089
0.523101 , 0.475217
0.499217 , 0.492879
0.476831 , 0.510076
0.455851 , 0.526809
0.436184 , 0.543086
0.417743 , 0.558914
0.400447 , 0.574304
0.384215 , 0.589265
0.368973 , 0.60381
0.354653 , 0.617951
0.341188 , 0.631702
0.328517 , 0.645075
0.316586 , 0.658084
0.30534 , 0.670741
0.294733 , 0.683059
0.284718 , 0.695051
0.275255 , 0.70673
0.266306 , 0.718107
0.257834 , 0.729193
0.249808 , 0.739999
0.242198 , 0.750538
0.234975 , 0.760818
0.228114 , 0.77085
0.221591 , 0.780643
0.215385 , 0.790206
0.209475 , 0.799548
0.203843 , 0.808677
0.198471 , 0.817602
0.193343 , 0.826329
0.188444 , 0.834866
0.183761 , 0.84322
0.179281 , 0.851398
0.174993 , 0.859405
0.170884 , 0.867248
0.166945 , 0.874933
0.163166 , 0.882465
0.159538 , 0.889849
0.156054 , 0.89709
0.152705 , 0.904193
0.149484 , 0.911163
0.146384 , 0.918005
0.1434 , 0.924722
0.140524 , 0.931318
0.137753 , 0.937797
0.13508 , 0.944162
0.1325 , 0.950418
0.13001 , 0.956568
0.127604 , 0.962615
0.12528 , 0.968561
0.123032 , 0.974411
0.120858 , 0.980167
0.118753 , 0.985831
0.116716 , 0.991406
0.114743 , 0.996895
0.112831 , 1.0023
0.110977 , 1.00762
0.109179 , 1.01287
0.107435 , 1.01803
0.105742 , 1.02313
0.104099 , 1.02815
0.102502 , 1.03309
0.100951 , 1.03797
0.099443 , 1.04278
0.097977 , 1.04753
0.0965509 , 1.05221
0.0951636 , 1.05683
0.0938131 , 1.06138
0.0924985 , 1.06588
0.091218 , 1.07032
0.0899706 , 1.07471
0.088755 , 1.07903
0.0875701 , 1.08331
0.0864147 , 1.08753
0.0852879 , 1.0917
0.0841885 , 1.09582
0.0831157 , 1.09989
0.0820684 , 1.10391
0.0810463 , 1.10788
0.0800476 , 1.11181
0.0790723 , 1.11569
0.0781193 , 1.11953
0.0771879 , 1.12333
0.0762774 , 1.12708
0.0753872 , 1.1308
0.0745166 , 1.13447
0.0736649 , 1.1381
0.0728316 , 1.14169
0.0720161 , 1.14525
0.0712179 , 1.14877
0.0704363 , 1.15225
0.069671 , 1.1557
0.0689215 , 1.15911
0.0681873 , 1.16248
0.0674678 , 1.16583
0.0667627 , 1.16913
0.0660719 , 1.17241
0.0653943 , 1.17566
0.06473 , 1.17887
0.0640786 , 1.18205
0.0634396 , 1.1852
0.0628127 , 1.18833
0.0621976 , 1.19142
0.061594 , 1.19448
0.0610017 , 1.19752
0.06042 , 1.20053
0.0598491 , 1.20351
0.0592884 , 1.20647
0.0587376 , 1.2094
0.0581968 , 1.2123
0.0576653 , 1.21518
0.0571432 , 1.21803
0.05663 , 1.22086
0.0561258 , 1.22366
0.0556301 , 1.22644
0.0551428 , 1.2292
0.0546636 , 1.23193
0.0541925 , 1.23465
0.053729 , 1.23733
0.0532734 , 1.24
0.052825 , 1.24265
0.0523837 , 1.24527
0.0519496 , 1.24788
0.0515223 , 1.25046
0.051102 , 1.25302
0.0506881 , 1.25557
0.0502806 , 1.25809
0.0498797 , 1.26059
0.0494845 , 1.26308
0.0490956 , 1.26554
0.0487126 , 1.26799
0.0483353 , 1.27042
0.0479634 , 1.27283
0.0475973 , 1.27523
0.0472364 , 1.2776
0.0468807 , 1.27996
0.0465305 , 1.2823
0.0461851 , 1.28463
0.0458445 , 1.28694
0.0455092 , 1.28923
0.0451782 , 1.2915
0.0448521 , 1.29376
0.0445303 , 1.29601
0.0442132 , 1.29824
0.0439002 , 1.30045
0.0435916 , 1.30265
0.0432873 , 1.30484
0.0429871 , 1.307
0.0426909 , 1.30916
0.0423985 , 1.3113
0.0421101 , 1.31343
0.0418254 , 1.31554
0.0415445 , 1.31764
0.0412672 , 1.31972
0.0409935 , 1.3218
0.0407234 , 1.32385
0.0404566 , 1.3259
0.0401931 , 1.32793
0.0399331 , 1.32995
0.0396762 , 1.33196
0.0394229 , 1.33396
0.0391723 , 1.33594
0.0389249 , 1.33791
0.0386807 , 1.33987
0.0384392 , 1.34181
0.0382009 , 1.34375
0.0379653 , 1.34567
0.0377325 , 1.34758
0.0375024 , 1.34949
0.0372752 , 1.35137
0.0370507 , 1.35325
0.0368286 , 1.35512
0.0366092 , 1.35698
0.0363924 , 1.35882
0.0361781 , 1.36066
0.0359661 , 1.36248
0.0357566 , 1.3643
0.0355496 , 1.3661
0.0353447 , 1.3679
0.0351423 , 1.36968
0.034942 , 1.37146
0.0347439 , 1.37322
0.0345481 , 1.37498
0.0343544 , 1.37672
0.0341628 , 1.37846
0.0339732 , 1.38018
0.0337858 , 1.3819
0.0336004 , 1.38361
0.0334169 , 1.38531
0.0332353 , 1.387
0.0330558 , 1.38868
0.0328781 , 1.39035
0.0327022 , 1.39201
0.0325282 , 1.39367
0.0323559 , 1.39532
0.0321856 , 1.39695
0.0320169 , 1.39858
0.0318499 , 1.4002
0.0316847 , 1.40182
0.031521 , 1.40342
0.0313591 , 1.40502
0.0311987 , 1.40661
0.03104 , 1.40819
0.0308828 , 1.40976
0.0307272 , 1.41133
0.030573 , 1.41289
0.0304204 , 1.41444
0.0302694 , 1.41598
0.0301198 , 1.41751
0.0299715 , 1.41904
0.0298249 , 1.42056
0.0296796 , 1.42208
0.0295356 , 1.42358
0.0293929 , 1.42508
0.0292517 , 1.42657
0.0291117 , 1.42806
0.0289731 , 1.42954
0.0288356 , 1.43101
0.0286997 , 1.43247
0.0285648 , 1.43393
0.0284313 , 1.43538
0.0282988 , 1.43683
0.0281678 , 1.43827
0.0280377 , 1.4397
0.027909 , 1.44112
0.0277814 , 1.44254
0.0276548 , 1.44395
0.0275295 , 1.44536
0.0274051 , 1.44676
0.0272821 , 1.44815
0.0271599 , 1.44954
0.0270389 , 1.45092
0.026919 , 1.4523
0.0268 , 1.45367
0.0266822 , 1.45503
0.0265652 , 1.45639
0.0264493 , 1.45774
0.0263346 , 1.45909
0.0262206 , 1.46043
0.0261078 , 1.46177
0.0259956 , 1.46309
0.0258845 , 1.46442
0.0257744 , 1.46574
0.0256652 , 1.46705
0.025557 , 1.46836
0.0254496 , 1.46966
0.025343 , 1.47096
0.0252373 , 1.47225
0.0251326 , 1.47353
0.0250287 , 1.47481
0.0249257 , 1.47609
0.0248232 , 1.47736
0.0247219 , 1.47863
0.0246212 , 1.47989
0.0245213 , 1.48114
0.0244224 , 1.48239
0.024324 , 1.48364
0.0242265 , 1.48488
0.0241301 , 1.48612
0.024034 , 1.48735
0.0239388 , 1.48857
0.0238443 , 1.4898
0.0237506 , 1.49101
0.0236576 , 1.49222
0.0235651 , 1.49343
0.0234737 , 1.49463
0.0233828 , 1.49583
0.0232926 , 1.49703
0.023203 , 1.49822
0.0231143 , 1.4994
0.0230259 , 1.50058
0.0229386 , 1.50176
0.0228516 , 1.50293
0.0227653 , 1.5041
0.0226799 , 1.50526
0.0225948 , 1.50642
0.0225106 , 1.50757
0.022427 , 1.50872
0.0223438 , 1.50987
0.0222613 , 1.51101
0.0221796 , 1.51215
0.0220981 , 1.51328
0.0220173 , 1.51441
0.0219373 , 1.51554
0.0218577 , 1.51666
0.0217787 , 1.51778
0.0217002 , 1.51889
0.0216223 , 1.52
0.021545 , 1.52111
0.0214681 , 1.52221
0.021392 , 1.52331
0.0213163 , 1.5244
0.0212411 , 1.52549
0.0211665 , 1.52658
0.0210922 , 1.52766
0.0210186 , 1.52874
0.0209455 , 1.52982
0.0208728 , 1.53089
0.0208007 , 1.53196
0.020729 , 1.53302
0.0206579 , 1.53408
0.0205872 , 1.53514
0.020517 , 1.53619
0.0204472 , 1.53724
0.0203777 , 1.53829
0.020309 , 1.53933
0.0202407 , 1.54037
0.0201728 , 1.54141
0.0201053 , 1.54244
0.0200383 , 1.54347
0.0199717 , 1.5445
0.0199055 , 1.54552
0.0198399 , 1.54654
0.0197745 , 1.54756
0.0197097 , 1.54857
0.0196454 , 1.54958
0.0195813 , 1.55059
0.0195176 , 1.55159
0.0194546 , 1.55259
0.0193917 , 1.55359
0.0193293 , 1.55458
0.0192673 , 1.55557
0.0192056 , 1.55656
0.0191443 , 1.55755
0.0190836 , 1.55853
0.019023 , 1.55951
0.018963 , 1.56048
0.0189033 , 1.56145
0.0188439 , 1.56242
0.0187849 , 1.56339
0.0187263 , 1.56435
0.018668 , 1.56531
0.0186101 , 1.56627
0.0185526 , 1.56722
0.0184953 , 1.56818
0.0184385 , 1.56913
0.0183821 , 1.57007
0.0183259 , 1.57101
0.01827 , 1.57195
0.0182145 , 1.57289
0.0181594 , 1.57383
0.0181045 , 1.57476
0.0180501 , 1.57569
0.0179959 , 1.57661
0.017942 , 1.57754
0.0178885 , 1.57846
0.0178352 , 1.57938
0.0177823 , 1.58029
0.0177297 , 1.58121
0.0176774 , 1.58212
0.0176254 , 1.58302
0.0175737 , 1.58393
0.0175223 , 1.58483
0.0174712 , 1.58573
0.0174203 , 1.58663
0.0173699 , 1.58752
0.0173197 , 1.58841
0.0172697 , 1.5893
0.01722 , 1.59019
0.0171707 , 1.59107
0.0171216 , 1.59196
0.0170727 , 1.59284
0.0170242 , 1.59371
0.0169759 , 1.59459
0.0169279 , 1.59546
0.0168803 , 1.59633
0.0168327 , 1.5972
0.0167855 , 1.59806
0.0167385 , 1.59892
0.0166919 , 1.59978
0.0166455 , 1.60064
0.0165993 , 1.6015
0.0165533 , 1.60235
0.0165078 , 1.6032
0.0164621 , 1.60405
0.0164171 , 1.6049
0.0163721 , 1.60574
0.0163275 , 1.60658
0.0162829 , 1.60742
0.0162388 , 1.60826
0.0161948 , 1.60909
0.0161511 , 1.60993
0.0161075 , 1.61076
0.0160642 , 1.61158
0.0160212 , 1.61241
0.0159785 , 1.61323
0.0159359 , 1.61406
0.0158934 , 1.61488
0.0158513 , 1.61569
0.0158093 , 1.61651
0.0157677 , 1.61732
0.0157261 , 1.61813
0.0156848 , 1.61894
0.0156439 , 1.61975
0.015603 , 1.62055
0.0155623 , 1.62136
0.015522 , 1.62216
0.0154817 , 1.62296
0.0154416 , 1.62375
0.0154018 , 1.62455
0.0153622 , 1.62534
0.0153228 , 1.62613
0.0152836 , 1.62692
0.0152447 , 1.6277
0.0152058 , 1.62849
0.0151672 , 1.62927
0.0151289 , 1.63005
0.0150905 , 1.63083
0.0150524 , 1.63161
0.0150146 , 1.63238
0.0149769 , 1.63316
0.0149395 , 1.63393
0.0149021 , 1.6347
0.014865 , 1.63546
0.0148281 , 1.63623
0.0147914 , 1.63699
0.0147548 , 1.63775
0.0147184 , 1.63851
0.0146822 , 1.63927
0.0146462 , 1.64003
0.0146103 , 1.64078
0.0145746 , 1.64153
0.014539 , 1.64228
0.0145037 , 1.64303
0.0144686 , 1.64378
0.0144336 , 1.64452
0.0143988 , 1.64527
0.0143642 , 1.64601
0.0143296 , 1.64675
0.0142953 , 1.64749
0.0142611 , 1.64822
0.0142271 , 1.64896
0.0141932 , 1.64969
0.0141596 , 1.65042
0.014126 , 1.65115
0.0140926 , 1.65188
0.0140593 , 1.65261
0.0140262 , 1.65333
0.0139933 , 1.65405
0.0139605 , 1.65477
0.0139279 , 1.65549
0.0138955 , 1.65621
0.0138633 , 1.65693
0.0138311 , 1.65764
0.013799 , 1.65835
0.0137672 , 1.65907
0.0137354 , 1.65978
0.0137039 , 1.66048
0.0136723 , 1.66119
0.013641 , 1.66189
0.0136099 , 1.6626
0.0135789 , 1.6633
0.013548 , 1.664
0.0135173 , 1.6647
0.0134866 , 1.66539
0.0134562 , 1.66609
0.0134259 , 1.66678
0.0133957 , 1.66748
0.0133656 , 1.66817
0.0133358 , 1.66886
0.0133059 , 1.66954
0.0132763 , 1.67023
0.0132467 , 1.67091
0.0132173 , 1.6716
0.013188 , 1.67228
0.0131589 , 1.67296
0.0131299 , 1.67364
0.013101 , 1.67431
0.0130723 , 1.67499
0.0130436 , 1.67566
0.0130151 , 1.67634
0.0129868 , 1.67701
0.0129585 , 1.67768
0.0129304 , 1.67835
0.0129023 , 1.67901
0.0128745 , 1.67968
0.0128467 , 1.68034
0.012819 , 1.68101
0.0127914 , 1.68167
0.012764 , 1.68233
0.0127367 , 1.68299
0.0127096 , 1.68364
0.0126825 , 1.6843
0.0126555 , 1.68495
0.0126287 , 1.68561
0.0126019 , 1.68626
0.0125752 , 1.68691
0.0125487 , 1.68756
0.0125222 , 1.6882
0.012496 , 1.68885
0.0124696 , 1.6895
0.0124437 , 1.69014
0.0124176 , 1.69078
0.0123917 , 1.69142
0.012366 , 1.69206
0.0123403 , 1.6927
0.012315 , 1.69334
0.0122895 , 1.69397
0.0122642 , 1.69461
0.0122389 , 1.69524
0.0122137 , 1.69587
0.0121886 , 1.6965
0.0121636 , 1.69713
0.0121388 , 1.69776
0.0121142 , 1.69839
0.0120896 , 1.69901
0.012065 , 1.69964
0.0120407 , 1.70026
0.0120163 , 1.70088
0.0119923 , 1.7015
0.011968 , 1.70212
0.0119439 , 1.70274
0.0119199 , 1.70335
0.0118959 , 1.70397
0.0118721 , 1.70458
0.0118488 , 1.7052
0.0118251 , 1.70581
0.0118016 , 1.70642
0.0117782 , 1.70703
0.0117548 , 1.70764
0.0117318 , 1.70824
0.0117086 , 1.70885
0.0116855 , 1.70946
0.0116626 , 1.71006
0.0116397 , 1.71066
0.0116172 , 1.71126
0.0115944 , 1.71186
0.0115718 , 1.71246
0.0115493 , 1.71306
0.0115269 , 1.71366
0.0115046 , 1.71425
0.0114825 , 1.71484
0.0114602 , 1.71544
0.0114381 , 1.71603
0.0114162 , 1.71662
0.0113943 , 1.71721
0.0113724 , 1.7178
0.0113507 , 1.71839
0.0113291 , 1.71897
0.0113074 , 1.71956
0.0112861 , 1.72014
0.0112646 , 1.72073
0.0112433 , 1.72131
0.011222 , 1.72189
0.011201 , 1.72247
0.0111798 , 1.72305
0.0111587 , 1.72363
0.0111379 , 1.7242
0.0111169 , 1.72478
0.0110962 , 1.72535
0.0110755 , 1.72593
0.011055 , 1.7265
0.0110343 , 1.72707
0.011014 , 1.72764
0.0109934 , 1.72821
0.0109732 , 1.72878
0.0109529 , 1.72934
0.0109328 , 1.72991
0.0109126 , 1.73048
0.0108927 , 1.73104
0.0108727 , 1.7316
0.0108528 , 1.73216
0.010833 , 1.73273
0.0108133 , 1.73329
0.0107936 , 1.73384
0.0107741 , 1.7344
0.0107545 , 1.73496
0.0107351 , 1.73552
0.0107157 , 1.73607
0.0106964 , 1.73662
0.0106772 , 1.73718
0.0106579 , 1.73773
0.0106388 , 1.73828
0.0106199 , 1.73883
0.0106008 , 1.73938
0.0105819 , 1.73993
0.0105632 , 1.74047
0.0105443 , 1.74102
0.0105257 , 1.74157
0.010507 , 1.74211
0.0104884 , 1.74265
0.0104699 , 1.7432
0.0104514 , 1.74374
0.0104331 , 1.74428
0.0104148 , 1.74482
0.0103965 , 1.74536
0.0103783 , 1.74589
0.0103603 , 1.74643
0.0103422 , 1.74697
0.0103241 , 1.7475
0.0103061 , 1.74804
0.0102884 , 1.74857
0.0102705 , 1.7491
0.0102527 , 1.74963
0.0102351 , 1.75016
0.0102174 , 1.75069
0.0101998 , 1.75122
0.0101822 , 1.75175
0.010165 , 1.75227
0.0101475 , 1.7528
0.0101302 , 1.75332
0.010113 , 1.75385
0.0100957 , 1.75437
0.0100784 , 1.75489
0.0100614 , 1.75542
0.0100444 , 1.75594
0.0100274 , 1.75646
0.0100103 , 1.75697
0.00999355 , 1.75749
0.00997676 , 1.75801
0.00995996 , 1.75853
0.00994334 , 1.75904
0.00992661 , 1.75956
0.00990999 , 1.76007
0.00989362 , 1.76058
0.00987707 , 1.76109
0.00986063 , 1.7616
0.00984432 , 1.76211
0.00982795 , 1.76262
0.00981157 , 1.76313
0.00979556 , 1.76364
0.00977925 , 1.76415
0.00976312 , 1.76465
0.00974717 , 1.76516
0.00973116 , 1.76566
0.00971515 , 1.76617
0.00969932 , 1.76667
0.00968337 , 1.76717
0.00966754 , 1.76767
0.00965196 , 1.76817
0.00963613 , 1.76867
0.00962048 , 1.76917
0.00960496 , 1.76967
0.00958937 , 1.77017
0.00957378 , 1.77066
0.00955844 , 1.77116
0.00954309 , 1.77165
0.00952775 , 1.77215
0.00951246 , 1.77264
0.00949712 , 1.77313
0.00948196 , 1.77362
0.00946679 , 1.77411
0.00945163 , 1.7746
0.00943665 , 1.77509
0.00942167 , 1.77558
0.00940668 , 1.77607
0.00939182 , 1.77656
0.0093769 , 1.77704
0.00936198 , 1.77753
0.0093473 , 1.77801
0.00933262 , 1.7785
0.00931788 , 1.77898
0.0093032 , 1.77946
0.00928864 , 1.77994
0.00927414 , 1.78043
0.0092597 , 1.78091
0.0092452 , 1.78139
0.00923071 , 1.78186
0.00921639 , 1.78234
0.00920201 , 1.78282
0.00918782 , 1.7833
0.0091735 , 1.78377
0.00915942 , 1.78425
0.00914523 , 1.78472
0.00913109 , 1.78519
0.00911708 , 1.78567
0.00910312 , 1.78614
0.00908905 , 1.78661
0.00907515 , 1.78708
0.00906138 , 1.78755
0.00904742 , 1.78802
0.00903359 , 1.78849
0.00901994 , 1.78896
0.00900616 , 1.78942
0.00899245 , 1.78989
0.00897898 , 1.79036
0.00896521 , 1.79082
0.00895168 , 1.79129
0.00893826 , 1.79175
0.00892461 , 1.79221
0.0089112 , 1.79267
0.00889791 , 1.79314
0.0088845 , 1.7936
0.00887109 , 1.79406
0.00885792 , 1.79452
0.00884463 , 1.79497
0.00883152 , 1.79543
0.00881835 , 1.79589
0.00880518 , 1.79635
0.00879214 , 1.7968
0.00877909 , 1.79726
0.0087661 , 1.79771
0.00875305 , 1.79817
0.0087403 , 1.79862
0.00872726 , 1.79907
0.00871451 , 1.79953
0.0087017 , 1.79998
0.00868872 , 1.80043
0.00867615 , 1.80088
0.0086634 , 1.80133
0.00865078 , 1.80178
0.00863815 , 1.80222
0.00862553 , 1.80267
0.00861296 , 1.80312
0.00860052 , 1.80357
0.00858801 , 1.80401
0.00857551 , 1.80446
0.00856306 , 1.8049
0.0085508 , 1.80534
0.00853836 , 1.80579
0.00852621 , 1.80623
0.00851377 , 1.80667
0.00850169 , 1.80711
0.00848942 , 1.80755
0.00847716 , 1.80799
0.00846526 , 1.80843
0.00845299 , 1.80887
0.00844097 , 1.80931
0.00842895 , 1.80975
0.00841687 , 1.81018
0.00840497 , 1.81062
0.00839307 , 1.81105
0.00838122 , 1.81149
0.00836932 , 1.81192
0.00835754 , 1.81236
0.00834558 , 1.81279
0.00833392 , 1.81322
0.00832226 , 1.81365
0.00831036 , 1.81409
0.00829894 , 1.81452
0.00828716 , 1.81495
0.00827574 , 1.81538
0.00826408 , 1.81581
0.00825248 , 1.81623
0.00824113 , 1.81666
0.00822953 , 1.81709
0.00821817 , 1.81752
0.00820675 , 1.81794
0.00819539 , 1.81837
0.00818404 , 1.81879
0.00817268 , 1.81922
0.00816138 , 1.81964
0.00815014 , 1.82006
0.00813897 , 1.82048
0.00812779 , 1.82091
0.00811661 , 1.82133
0.00810537 , 1.82175
0.00809444 , 1.82217
0.00808326 , 1.82259
0.00807233 , 1.82301
0.00806133 , 1.82343
0.00805027 , 1.82384
0.0080394 , 1.82426
0.0080284 , 1.82468
0.00801771 , 1.82509
0.00800671 , 1.82551
0.00799578 , 1.82592
0.00798508 , 1.82634
0.00797427 , 1.82675
0.00796363 , 1.82717
0.00795282 , 1.82758
0.00794212 , 1.82799
0.00793155 , 1.8284
0.00792092 , 1.82881
0.00791028 , 1.82923
0.00789965 , 1.82964
0.00788908 , 1.83005
0.00787868 , 1.83045
0.00786817 , 1.83086
0.00785772 , 1.83127
0.00784726 , 1.83168
0.00783681 , 1.83209
0.00782654 , 1.83249
0.00781614 , 1.8329
0.00780587 , 1.8333
0.00779554 , 1.83371
0.00778527 , 1.83411
0.007775 , 1.83452
0.00776472 , 1.83492
0.00775463 , 1.83532
0.00774436 , 1.83572
0.00773433 , 1.83613
0.00772418 , 1.83653
0.00771409 , 1.83693
0.00770406 , 1.83733
0.00769403 , 1.83773
0.00768411 , 1.83813
0.00767402 , 1.83852
0.00766417 , 1.83892
0.00765414 , 1.83932
0.00764429 , 1.83972
0.00763444 , 1.84011
0.00762453 , 1.84051
0.00761474 , 1.8409
0.00760495 , 1.8413
0.00759516 , 1.84169
0.00758543 , 1.84209
0.00757558 , 1.84248
0.00756597 , 1.84287
0.00755619 , 1.84327
0.00754664 , 1.84366
0.00753697 , 1.84405
0.00752742 , 1.84444
0.00751781 , 1.84483
0.00750826 , 1.84522
0.00749871 , 1.84561
0.00748916 , 1.846
0.0074798 , 1.84639
0.00747025 , 1.84678
0.00746088 , 1.84716
0.00745145 , 1.84755
0.00744208 , 1.84794
0.00743272 , 1.84832
0.00742335 , 1.84871
0.0074141 , 1.84909
0.00740473 , 1.84948
0.00739555 , 1.84986
0.00738624 , 1.85025
0.00737705 , 1.85063
0.00736781 , 1.85101
0.00735856 , 1.85139
0.00734949 , 1.85178
0.0073403 , 1.85216
0.00733124 , 1.85254
0.00732205 , 1.85292
0.00731311 , 1.8533
0.00730392 , 1.85368
0.00729509 , 1.85406
0.00728597 , 1.85443
0.00727708 , 1.85481
0.00726801 , 1.85519
0.00725913 , 1.85557
0.00725018 , 1.85594
0.00724136 , 1.85632
0.00723241 , 1.8567
0.00722365 , 1.85707
0.00721476 , 1.85745
0.00720594 , 1.85782
0.00719717 , 1.85819
0.00718841 , 1.85857
0.00717964 , 1.85894
0.00717094 , 1.85931
0.00716223 , 1.85969
0.00715365 , 1.86006
0.00714488 , 1.86043
0.00713636 , 1.8608
0.00712765 , 1.86117
0.00711913 , 1.86154
0.00711054 , 1.86191
0.00710196 , 1.86228
0.00709338 , 1.86265
0.00708491 , 1.86301
0.00707651 , 1.86338
0.00706804 , 1.86375
0.00705958 , 1.86412
0.00705112 , 1.86448
0.00704271 , 1.86485
0.00703431 , 1.86521
0.0070259 , 1.86558
0.00701756 , 1.86594
0.00700928 , 1.86631
0.00700093 , 1.86667
0.00699265 , 1.86703
0.00698431 , 1.8674
0.00697615 , 1.86776
0.0069678 , 1.86812
0.00695976 , 1.86848
0.00695148 , 1.86884
0.00694331 , 1.86921
0.00693509 , 1.86957
0.00692699 , 1.86993
0.00691895 , 1.87029
0.00691084 , 1.87064
0.00690268 , 1.871
0.00689464 , 1.87136
0.00688654 , 1.87172
0.00687855 , 1.87208
0.00687051 , 1.87243
0.00686259 , 1.87279
0.00685461 , 1.87315
0.00684663 , 1.8735
0.00683876 , 1.87386
0.00683078 , 1.87421
0.00682292 , 1.87457
0.00681494 , 1.87492
0.00680714 , 1.87528
0.00679928 , 1.87563
0.00679153 , 1.87598
0.00678367 , 1.87633
0.00677587 , 1.87669
0.00676813 , 1.87704
0.00676039 , 1.87739
0.00675265 , 1.87774
0.00674491 , 1.87809
0.00673723 , 1.87844
0.00672955 , 1.87879
0.00672192 , 1.87914
0.00671418 , 1.87949
0.00670662 , 1.87984
0.006699 , 1.88019
0.00669138 , 1.88053
0.00668388 , 1.88088
0.00667626 , 1.88123
0.0066687 , 1.88157
0.00666114 , 1.88192
0.0066537 , 1.88227
0.00664614 , 1.88261
0.00663864 , 1.88296
0.00663126 , 1.8833
0.00662382 , 1.88365
0.00661638 , 1.88399
0.00660894 , 1.88433
0.00660156 , 1.88468
0.00659418 , 1.88502
0.0065868 , 1.88536
0.00657948 , 1.8857
0.00657216 , 1.88604
0.00656478 , 1.88639
0.00655752 , 1.88673
0.0065502 , 1.88707
0.006543 , 1.88741
0.00653574 , 1.88775
0.00652848 , 1.88809
0.00652128 , 1.88843
0.00651408 , 1.88876
0.00650688 , 1.8891
0.00649974 , 1.88944
0.00649255 , 1.88978
0.00648541 , 1.89011
0.00647833 , 1.89045
0.00647131 , 1.89079
0.00646417 , 1.89112
0.00645709 , 1.89146
0.00645001 , 1.89179
0.00644293 , 1.89213
0.00643591 , 1.89246
0.0064289 , 1.8928
0.006422 , 1.89313
0.00641492 , 1.89347
0.00640796 , 1.8938
0.00640106 , 1.89413
0.00639404 , 1.89446
0.00638714 , 1.8948
0.00638025 , 1.89513
0.00637329 , 1.89546
0.00636645 , 1.89579
0.00635961 , 1.89612
0.00635271 , 1.89645
0.00634593 , 1.89678
0.00633904 , 1.89711
0.00633226 , 1.89744
0.00632542 , 1.89777
0.00631876 , 1.8981
0.00631198 , 1.89842
0.00630521 , 1.89875
0.00629855 , 1.89908
0.00629177 , 1.89941
0.00628505 , 1.89973
0.00627833 , 1.90006
0.00627168 , 1.90039
0.00626502 , 1.90071
0.00625836 , 1.90104
0.00625176 , 1.90136
0.00624511 , 1.90169
0.00623851 , 1.90201
0.00623191 , 1.90234
0.00622531 , 1.90266
0.00621878 , 1.90298
0.00621218 , 1.90331
0.0062057 , 1.90363
0.00619916 , 1.90395
0.00619269 , 1.90427
0.00618615 , 1.90459
0.00617973 , 1.90492
0.00617307 , 1.90524
0.00616678 , 1.90556
0.0061603 , 1.90588
0.00615388 , 1.9062
0.00614747 , 1.90652
0.00614105 , 1.90684
0.00613457 , 1.90716
0.00612834 , 1.90747
0.00612198 , 1.90779
0.00611556 , 1.90811
0.0061092 , 1.90843
0.00610291 , 1.90875
0.00609661 , 1.90906
0.00609043 , 1.90938
0.00608396 , 1.9097
0.00607766 , 1.91001
0.00607142 , 1.91033
0.00606531 , 1.91064
0.00605919 , 1.91096
0.00605265 , 1.91127
0.00604654 , 1.91159
0.00604036 , 1.9119
0.0060343 , 1.91221
0.00602819 , 1.91253
0.00602177 , 1.91284
0.00601566 , 1.91315
0.00600966 , 1.91347
0.00600366 , 1.91378
0.00599719 , 1.91409
0.00599125 , 1.9144
0.00598519 , 1.91471
0.0059792 , 1.91502
0.00597314 , 1.91534
0.00596691 , 1.91565
0.00596085 , 1.91596
0.00595497 , 1.91627
0.0059491 , 1.91657
0.00594298 , 1.91688
0.00593687 , 1.91719
0.00593093 , 1.9175
0.00592505 , 1.91781
0.00591924 , 1.91812
0.00591318 , 1.91842
0.00590707 , 1.91873
0.00590125 , 1.91904
0.00589549 , 1.91935
0.00588962 , 1.91965
0.00588374 , 1.91996
0.00587763 , 1.92026
0.00587187 , 1.92057
0.00586618 , 1.92087
0.00586036 , 1.92118
0.00585443 , 1.92148
0.00584849 , 1.92179
0.00584279 , 1.92209
0.00583704 , 1.92239
0.00583134 , 1.9227
0.00582547 , 1.923
0.00581965 , 1.9233
0.00581402 , 1.92361
0.00580826 , 1.92391
0.00580257 , 1.92421
0.00579699 , 1.92451
0.00579106 , 1.92481
0.00578536 , 1.92511
0.00577978 , 1.92541
0.00577415 , 1.92571
0.00576857 , 1.92601
0.00576276 , 1.92631
0.00575712 , 1.92661
0.00575161 , 1.92691
0.00574597 , 1.92721
0.00574052 , 1.92751
0.00573482 , 1.92781
0.00572913 , 1.92811
0.00572355 , 1.9284
0.0057181 , 1.9287
0.00571264 , 1.929
0.00570701 , 1.9293
0.00570149 , 1.92959
0.00569598 , 1.92989
0.00569046 , 1.93018
0.00568507 , 1.93048
0.00567949 , 1.93078
0.00567404 , 1.93107
0.00566858 , 1.93137
0.00566325 , 1.93166
0.00565779 , 1.93195
0.00565222 , 1.93225
0.00564682 , 1.93254
0.00564143 , 1.93284
0.00563609 , 1.93313
0.00563076 , 1.93342
0.00562536 , 1.93371
0.00561979 , 1.93401
0.00561452 , 1.9343
0.00560924 , 1.93459
0.00560391 , 1.93488
0.00559857 , 1.93517
0.00559318 , 1.93546
0.00558796 , 1.93576
0.00558263 , 1.93605
0.00557735 , 1.93634
0.00557208 , 1.93663
0.0055668 , 1.93692
0.00556153 , 1.9372
0.00555638 , 1.93749
0.00555116 , 1.93778
0.00554601 , 1.93807
0.00554061 , 1.93836
0.0055354 , 1.93865
0.00553018 , 1.93893
0.00552509 , 1.93922
0.00551999 , 1.93951
0.00551472 , 1.9398
0.00550957 , 1.94008
0.00550441 , 1.94037
0.00549926 , 1.94066
0.0054941 , 1.94094
0.00548901 , 1.94123
0.00548397 , 1.94151
0.00547876 , 1.9418
0.00547379 , 1.94208
0.00546869 , 1.94237
0.0054636 , 1.94265
0.00545862 , 1.94293
0.00545335 , 1.94322
0.00544837 , 1.9435
0.00544334 , 1.94378
0.00543843 , 1.94407
0.00543339 , 1.94435
0.00542824 , 1.94463
0.00542338 , 1.94491
0.00541835 , 1.9452
0.0054135 , 1.94548
0.0054084 , 1.94576
0.00540343 , 1.94604
0.00539845 , 1.94632
0.00539348 , 1.9466
0.00538863 , 1.94688
0.00538371 , 1.94716
0.0053788 , 1.94744
0.00537382 , 1.94772
0.00536891 , 1.948
0.00536412 , 1.94828
0.00535932 , 1.94856
0.00535423 , 1.94884
0.00534949 , 1.94912
0.00534452 , 1.94939
0.00533973 , 1.94967
0.00533499 , 1.94995
0.00533002 , 1.95023
0.00532529 , 1.9505
0.00532037 , 1.95078
0.0053157 , 1.95106
0.00531096 , 1.95133
0.00530617 , 1.95161
0.00530138 , 1.95189
0.00529646 , 1.95216
0.00529173 , 1.95244
0.00528706 , 1.95271
0.00528226 , 1.95299
0.00527753 , 1.95326
0.00527279 , 1.95354
0.00526806 , 1.95381
0.00526345 , 1.95408
0.00525871 , 1.95436
0.0052541 , 1.95463
0.00524931 , 1.9549
0.00524469 , 1.95518
0.00524002 , 1.95545
0.00523535 , 1.95572
0.00523067 , 1.95599
0.00522594 , 1.95627
0.00522138 , 1.95654
0.00521671 , 1.95681
0.0052121 , 1.95708
0.00520754 , 1.95735
0.00520293 , 1.95762
0.00519832 , 1.95789
0.00519382 , 1.95816
0.00518909 , 1.95843
0.00518466 , 1.9587
0.00518016 , 1.95897
0.00517549 , 1.95924
0.005171 , 1.95951
0.00516644 , 1.95978
0.00516189 , 1.96005
0.00515746 , 1.96032
0.0051529 , 1.96058
0.00514829 , 1.96085
0.0051438 , 1.96112
0.00513924 , 1.96139
0.00513487 , 1.96166
0.00513038 , 1.96192
0.00512588 , 1.96219
0.00512139 , 1.96246
0.00511702 , 1.96272
0.00511258 , 1.96299
0.00510809 , 1.96325
0.00510372 , 1.96352
0.00509928 , 1.96379
0.00509485 , 1.96405
0.00509054 , 1.96432
0.0050861 , 1.96458
0.00508173 , 1.96484
0.00507742 , 1.96511
0.00507292 , 1.96537
0.00506861 , 1.96564
0.0050643 , 1.9659
0.00505986 , 1.96616
0.00505555 , 1.96643
0.00505112 , 1.96669
0.00504686 , 1.96695
0.00504261 , 1.96721
0.00503818 , 1.96748
0.00503392 , 1.96774
0.00502961 , 1.968
0.0050253 , 1.96826
0.00502104 , 1.96852
0.00501679 , 1.96878
0.00501248 , 1.96905
0.00500816 , 1.96931
0.00500391 , 1.96957
0.0049996 , 1.96983
0.00499546 , 1.97009
0.00499121 , 1.97035
0.00498696 , 1.97061
0.00498271 , 1.97087
0.00497851 , 1.97112
0.00497432 , 1.97138
0.00497007 , 1.97164
0.00496593 , 1.9719
0.00496168 , 1.97216
0.00495755 , 1.97242
0.00495341 , 1.97267
0.00494922 , 1.97293
0.00494509 , 1.97319
0.00494101 , 1.97345
0.0049367 , 1.9737
0.00493263 , 1.97396
0.00492849 , 1.97422
0.00492436 , 1.97447
0.00492029 , 1.97473
0.00491616 , 1.97499
0.00491202 , 1.97524
0.00490801 , 1.9755
0.00490376 , 1.97575
0.00489974 , 1.97601
0.00489573 , 1.97626
0.00489166 , 1.97652
0.00488758 , 1.97677
0.00488357 , 1.97703
0.00487938 , 1.97728
0.00487543 , 1.97753
0.00487135 , 1.97779
0.0048674 , 1.97804
0.00486333 , 1.97829
0.00485931 , 1.97855
0.00485524 , 1.9788
0.00485135 , 1.97905
0.00484728 , 1.9793
0.00484338 , 1.97956
0.00483937 , 1.97981
0.00483536 , 1.98006
0.00483146 , 1.98031
0.00482745 , 1.98056
0.00482356 , 1.98081
0.00481966 , 1.98106
0.00481559 , 1.98131
0.00481176 , 1.98156
0.00480775 , 1.98182
0.00480379 , 1.98207
0.00479996 , 1.98232
0.00479613 , 1.98256
0.00479205 , 1.98281
0.00478822 , 1.98306
0.00478421 , 1.98331
0.00478038 , 1.98356
0.0047766 , 1.98381
0.00477277 , 1.98406
0.00476876 , 1.98431
0.00476498 , 1.98456
0.00476097 , 1.9848
0.0047572 , 1.98505
0.00475343 , 1.9853
0.00474953 , 1.98555
0.0047457 , 1.98579
0.00474181 , 1.98604
0.00473797 , 1.98629
0.0047342 , 1.98653
0.00473049 , 1.98678
0.00472666 , 1.98702
0.00472282 , 1.98727
0.00471899 , 1.98752
0.00471516 , 1.98776
0.00471144 , 1.98801
0.00470785 , 1.98825
0.00470402 , 1.9885
0.00470037 , 1.98874
0.00469647 , 1.98899
0.00469276 , 1.98923
0.00468899 , 1.98947
0.00468521 , 1.98972
0.00468156 , 1.98996
0.00467779 , 1.99021
0.00467408 , 1.99045
0.00467042 , 1.99069
0.00466665 , 1.99094
0.00466294 , 1.99118
0.00465928 , 1.99142
0.00465557 , 1.99166
0.00465186 , 1.99191
0.00464827 , 1.99215
0.00464455 , 1.99239
0.00464084 , 1.99263
0.00463725 , 1.99287
0.00463365 , 1.99311
0.00463006 , 1.99335
0.00462635 , 1.9936
0.0046227 , 1.99384
0.00461904 , 1.99408
0.00461539 , 1.99432
0.0046118 , 1.99456
0.00460827 , 1.9948
0.00460461 , 1.99504
0.0046009 , 1.99528
0.00459731 , 1.99552
0.00459372 , 1.99575
0.00459018 , 1.99599
0.00458665 , 1.99623
0.00458306 , 1.99647
0.00457952 , 1.99671
0.00457593 , 1.99695
0.00457234 , 1.99719
0.00456887 , 1.99742
0.00456533 , 1.99766
0.00456186 , 1.9979
0.00455821 , 1.99814
0.00455461 , 1.99837
0.00455108 , 1.99861
0.00454761 , 1.99885
0.00454414 , 1.99908
0.00454066 , 1.99932
0.00453707 , 1.99956
0.00453354 , 1.99979
0.00453007 , 2.00003
0.00452665 , 2.00026
0.00452324 , 2.0005
0.00451977 , 2.00073
0.00451629 , 2.00097
0.00451276 , 2.00121
0.00450917 , 2.00144
0.00450582 , 2.00167
0.0045024 , 2.00191
0.00449899 , 2.00214
0.00449552 , 2.00238
0.00449205 , 2.00261
0.00448857 , 2.00285
0.00448522 , 2.00308
0.00448181 , 2.00331
0.00447845 , 2.00355
0.00447504 , 2.00378
0.00447157 , 2.00401
0.00446816 , 2.00424
0.00446468 , 2.00448
0.00446139 , 2.00471
0.00445804 , 2.00494
0.00445463 , 2.00517
0.00445127 , 2.0054
0.00444792 , 2.00564
0.00444451 , 2.00587
0.00444115 , 2.0061
0.00443786 , 2.00633
0.00443451 , 2.00656
0.0044311 , 2.00679
0.0044278 , 2.00702
0.00442445 , 2.00725
0.0044211 , 2.00748
0.00441793 , 2.00771
0.00441451 , 2.00794
0.00441122 , 2.00817
0.00440793 , 2.0084
0.00440457 , 2.00863
0.00440122 , 2.00886
0.00439799 , 2.00909
0.0043947 , 2.00932
0.00439146 , 2.00955
0.00438823 , 2.00978
0.004385 , 2.01
0.00438165 , 2.01023
0.00437835 , 2.01046
0.00437506 , 2.01069
0.00437189 , 2.01092
0.00436859 , 2.01114
0.00436536 , 2.01137
0.00436219 , 2.0116
0.0043589 , 2.01182
0.00435566 , 2.01205
0.00435243 , 2.01228
0.0043492 , 2.0125
0.00434603 , 2.01273
0.00434285 , 2.01296
0.00433968 , 2.01318
0.00433627 , 2.01341
0.00433316 , 2.01363
0.00432998 , 2.01386
0.00432687 , 2.01409
0.0043237 , 2.01431
0.00432058 , 2.01454
0.00431735 , 2.01476
0.00431406 , 2.01499
0.00431083 , 2.01521
0.00430771 , 2.01543
0.00430472 , 2.01566
0.00430161 , 2.01588
0.00429849 , 2.01611
0.00429514 , 2.01633
0.00429197 , 2.01655
0.00428886 , 2.01678
0.0042858 , 2.017
0.00428269 , 2.01722
0.0042797 , 2.01745
0.00427659 , 2.01767
0.00427323 , 2.01789
0.00427018 , 2.01811
0.00426713 , 2.01834
0.00426407 , 2.01856
0.00426102 , 2.01878
0.00425797 , 2.019
0.00425492 , 2.01922
0.00425162 , 2.01944
0.00424863 , 2.01967
0.00424558 , 2.01989
0.00424259 , 2.02011
0.00423953 , 2.02033
0.00423654 , 2.02055
0.00423343 , 2.02077
0.00423026 , 2.02099
0.00422726 , 2.02121
0.00422427 , 2.02143
0.00422128 , 2.02165
0.00421816 , 2.02187
0.00421523 , 2.02209
0.00421224 , 2.02231
0.00420907 , 2.02253
0.00420613 , 2.02275
0.00420314 , 2.02297
0.00420009 , 2.02319
0.00419715 , 2.0234
0.00419416 , 2.02362
0.00419123 , 2.02384
0.00418812 , 2.02406
0.00418518 , 2.02428
0.00418225 , 2.02449
0.0041792 , 2.02471
0.00417621 , 2.02493
0.00417333 , 2.02515
0.00417034 , 2.02536
0.00416735 , 2.02558
0.00416441 , 2.0258
0.00416142 , 2.02602
0.00415843 , 2.02623
0.00415562 , 2.02645
0.00415274 , 2.02666
0.00414975 , 2.02688
0.00414676 , 2.0271
0.00414388 , 2.02731
0.00414089 , 2.02753
0.00413796 , 2.02774
0.00413515 , 2.02796
0.00413227 , 2.02817
0.00412934 , 2.02839
0.00412641 , 2.0286
0.00412348 , 2.02882
0.00412054 , 2.02903
0.00411773 , 2.02925
0.00411492 , 2.02946
0.00411204 , 2.02968
0.00410911 , 2.02989
0.00410624 , 2.0301
0.00410331 , 2.03032
0.00410049 , 2.03053
0.00409768 , 2.03075
0.00409487 , 2.03096
0.00409199 , 2.03117
0.00408912 , 2.03138
0.00408619 , 2.0316
0.00408338 , 2.03181
0.00408056 , 2.03202
0.00407775 , 2.03224
0.00407494 , 2.03245
0.00407218 , 2.03266
0.00406937 , 2.03287
0.00406644 , 2.03308
0.00406357 , 2.0333
0.00406081 , 2.03351
0.00405806 , 2.03372
0.00405525 , 2.03393
0.00405261 , 2.03414
0.00404974 , 2.03435
0.00404687 , 2.03456
0.004044 , 2.03477
0.00404124 , 2.03498
0.00403849 , 2.03519
0.00403586 , 2.0354
0.0040331 , 2.03561
0.00403029 , 2.03582
0.00402742 , 2.03603
0.00402461 , 2.03624
0.00402197 , 2.03645
0.00401922 , 2.03666
0.00401653 , 2.03687
0.00401383 , 2.03708
0.00401096 , 2.03729
0.00400815 , 2.0375
0.00400546 , 2.03771
0.00400276 , 2.03792
0.00400007 , 2.03812
0.00399738 , 2.03833
0.00399462 , 2.03854
0.00399193 , 2.03875
0.00398918 , 2.03896
0.00398643 , 2.03916
0.00398373 , 2.03937
0.0039811 , 2.03958
0.00397853 , 2.03979
0.00397577 , 2.03999
0.00397302 , 2.0402
0.00397027 , 2.04041
0.00396764 , 2.04061
0.00396494 , 2.04082
0.00396237 , 2.04103
0.00395974 , 2.04123
0.00395698 , 2.04144
0.00395429 , 2.04164
0.00395166 , 2.04185
0.00394903 , 2.04206
0.00394633 , 2.04226
0.0039437 , 2.04247
0.00394101 , 2.04267
0.00393831 , 2.04288
0.0039358 , 2.04308
0.00393317 , 2.04329
0.00393053 , 2.04349
0.0039279 , 2.0437
0.00392521 , 2.0439
0.00392264 , 2.04411
0.00392 , 2.04431
0.00391737 , 2.04451
0.0039148 , 2.04472
0.00391222 , 2.04492
0.00390965 , 2.04513
0.00390702 , 2.04533
0.00390439 , 2.04553
0.00390175 , 2.04574
0.00389924 , 2.04594
0.00389667 , 2.04614
0.00389415 , 2.04634
0.00389152 , 2.04655
0.00388895 , 2.04675
0.00388631 , 2.04695
0.00388368 , 2.04716
0.00388117 , 2.04736
0.00387866 , 2.04756
0.00387608 , 2.04776
0.00387357 , 2.04796
0.00387106 , 2.04816
0.00386836 , 2.04837
0.00386579 , 2.04857
0.00386334 , 2.04877
0.00386082 , 2.04897
0.00385831 , 2.04917
0.0038558 , 2.04937
0.00385323 , 2.04957
0.00385065 , 2.04977
0.00384808 , 2.04997
0.00384557 , 2.05017
0.00384311 , 2.05037
0.0038406 , 2.05057
0.00383821 , 2.05078
0.00383563 , 2.05097
0.003833 , 2.05117
0.00383049 , 2.05137
0.00382809 , 2.05157
0.00382558 , 2.05177
0.00382313 , 2.05197
0.00382068 , 2.05217
0.00381822 , 2.05237
0.00381559 , 2.05257
0.0038132 , 2.05277
0.00381062 , 2.05297
0.00380817 , 2.05316
0.00380584 , 2.05336
0.00380338 , 2.05356
0.00380093 , 2.05376
0.0037983 , 2.05396
0.00379596 , 2.05415
0.00379351 , 2.05435
0.003791 , 2.05455
0.00378861 , 2.05475
0.00378615 , 2.05494
0.00378382 , 2.05514
0.00378125 , 2.05534
0.00377879 , 2.05554
0.0037764 , 2.05573
0.00377407 , 2.05593
0.00377161 , 2.05613
0.00376916 , 2.05632
0.00376677 , 2.05652
0.00376431 , 2.05671
0.00376192 , 2.05691
0.00375947 , 2.05711
0.00375714 , 2.0573
0.00375474 , 2.0575
0.00375235 , 2.05769
0.00374996 , 2.05789
0.00374756 , 2.05808
0.00374511 , 2.05828
0.00374272 , 2.05847
0.00374038 , 2.05867
0.00373799 , 2.05886
0.0037356 , 2.05906
0.00373332 , 2.05925
0.00373087 , 2.05945
0.00372848 , 2.05964
0.00372614 , 2.05983
0.00372381 , 2.06003
0.00372148 , 2.06022
0.00371908 , 2.06042
0.00371669 , 2.06061
0.00371436 , 2.0608
0.00371197 , 2.061
0.00370963 , 2.06119
0.00370736 , 2.06138
0.00370503 , 2.06158
0.00370269 , 2.06177
0.00370042 , 2.06196
0.00369803 , 2.06216
0.00369563 , 2.06235
0.0036933 , 2.06254
0.00369103 , 2.06273
0.00368875 , 2.06293
0.00368642 , 2.06312
0.00368415 , 2.06331
0.00368187 , 2.0635
0.00367936 , 2.06369
0.00367715 , 2.06388
0.00367487 , 2.06408
0.0036726 , 2.06427
0.00367033 , 2.06446
0.00366805 , 2.06465
0.00366578 , 2.06484
0.00366339 , 2.06503
0.00366099 , 2.06522
0.00365884 , 2.06541
0.00365657 , 2.0656
0.00365429 , 2.06579
0.00365208 , 2.06598
0.00364981 , 2.06617
0.00364759 , 2.06636
0.0036452 , 2.06655
0.00364287 , 2.06674
0.00364071 , 2.06693
0.00363844 , 2.06712
0.00363623 , 2.06731
0.00363401 , 2.0675
0.0036318 , 2.06769
0.00362941 , 2.06788
0.00362719 , 2.06807
0.00362498 , 2.06826
0.00362277 , 2.06845
0.00362055 , 2.06864
0.00361834 , 2.06882
0.00361613 , 2.06901
0.00361374 , 2.0692
0.00361158 , 2.06939
0.00360937 , 2.06958
0.00360716 , 2.06977
0.00360494 , 2.06995
0.00360279 , 2.07014
0.00360063 , 2.07033
0.00359836 , 2.07052
0.00359609 , 2.0707
0.00359388 , 2.07089
0.00359178 , 2.07108
0.00358951 , 2.07127
0.00358735 , 2.07145
0.0035852 , 2.07164
0.00358305 , 2.07183
0.00358077 , 2.07201
0.00357856 , 2.0722
0.00357647 , 2.07239
0.00357425 , 2.07257
0.00357204 , 2.07276
0.00356989 , 2.07294
0.00356779 , 2.07313
0.00356564 , 2.07332
0.00356337 , 2.0735
0.00356115 , 2.07369
0.00355912 , 2.07387
0.00355697 , 2.07406
0.00355481 , 2.07424
0.00355266 , 2.07443
0.00355057 , 2.07461
0.00354829 , 2.0748
0.00354614 , 2.07498
0.00354405 , 2.07517
0.00354189 , 2.07535
0.0035398 , 2.07554
0.00353777 , 2.07572
0.00353555 , 2.0759
0.00353346 , 2.07609
0.00353119 , 2.07627
0.00352915 , 2.07646
0.003527 , 2.07664
0.00352491 , 2.07682
0.00352287 , 2.07701
0.00352078 , 2.07719
0.00351863 , 2.07737
0.00351641 , 2.07756
0.00351438 , 2.07774
0.00351228 , 2.07792
0.00351013 , 2.07811
0.0035081 , 2.07829
0.003506 , 2.07847
0.00350397 , 2.07866
0.00350188 , 2.07884
0.00349966 , 2.07902
0.00349757 , 2.0792
0.00349554 , 2.07939
0.00349344 , 2.07957
0.00349141 , 2.07975
0.00348932 , 2.07993
0.00348728 , 2.08011
0.00348525 , 2.08029
0.00348304 , 2.08048
0.003481 , 2.08066
0.00347903 , 2.08084
0.003477 , 2.08102
0.00347484 , 2.0812
0.00347281 , 2.08138
0.00347083 , 2.08156
0.00346868 , 2.08174
0.00346659 , 2.08192
0.00346461 , 2.0821
0.00346258 , 2.08228
0.00346055 , 2.08247
0.00345851 , 2.08265
0.00345654 , 2.08283
0.00345451 , 2.08301
0.00345235 , 2.08319
0.00345038 , 2.08337
0.00344829 , 2.08355
0.00344631 , 2.08372
0.00344434 , 2.0839
0.0034423 , 2.08408
0.00344027 , 2.08426
0.00343836 , 2.08444
0.0034362 , 2.08462
0.00343423 , 2.0848
0.00343214 , 2.08498
0.00343022 , 2.08516
0.00342825 , 2.08534
0.00342628 , 2.08552
0.00342424 , 2.08569
0.00342221 , 2.08587
0.00342018 , 2.08605
0.00341826 , 2.08623
0.00341629 , 2.08641
0.00341425 , 2.08658
0.00341234 , 2.08676
0.00341037 , 2.08694
0.00340833 , 2.08712
0.0034063 , 2.0873
0.00340433 , 2.08747
0.00340235 , 2.08765
0.00340044 , 2.08783
0.00339846 , 2.088
0.00339649 , 2.08818
0.00339458 , 2.08836
0.00339266 , 2.08854
0.00339057 , 2.08871
0.0033886 , 2.08889
0.00338668 , 2.08906
0.00338477 , 2.08924
0.00338285 , 2.08942
0.00338088 , 2.08959
0.00337897 , 2.08977
0.00337705 , 2.08995
0.0033749 , 2.09012
0.00337305 , 2.0903
0.00337113 , 2.09047
0.00336922 , 2.09065
0.00336737 , 2.09082
0.00336539 , 2.091
0.00336342 , 2.09118
0.00336156 , 2.09135
0.00335953 , 2.09153
0.00335756 , 2.0917
0.0033557 , 2.09188
0.00335379 , 2.09205
0.00335194 , 2.09223
0.00335008 , 2.0924
0.00334817 , 2.09257
0.00334619 , 2.09275
0.00334428 , 2.09292
0.00334231 , 2.0931
0.00334039 , 2.09327
0.0033386 , 2.09345
0.00333669 , 2.09362
0.00333483 , 2.09379
0.00333298 , 2.09397
0.00333106 , 2.09414
0.00332903 , 2.09431
0.00332718 , 2.09449
0.00332526 , 2.09466
0.00332341 , 2.09483
0.00332155 , 2.09501
0.00331976 , 2.09518
0.00331785 , 2.09535
0.00331599 , 2.09553
0.00331408 , 2.0957
0.00331217 , 2.09587
0.00331031 , 2.09604
0.00330846 , 2.09622
0.0033066 , 2.09639
0.00330475 , 2.09656
0.00330296 , 2.09673
0.0033011 , 2.0969
0.00329919 , 2.09708
0.00329728 , 2.09725
0.00329542 , 2.09742
0.00329363 , 2.09759
0.00329177 , 2.09776
0.00328992 , 2.09794
0.00328813 , 2.09811
0.00328633 , 2.09828
0.00328442 , 2.09845
0.00328256 , 2.09862
0.00328071 , 2.09879
0.00327892 , 2.09896
0.003277 , 2.09913
0.00327527 , 2.0993
0.00327341 , 2.09947
0.00327162 , 2.09965
0.00326983 , 2.09982
0.00326791 , 2.09999
0.00326612 , 2.10016
0.00326433 , 2.10033
0.00326253 , 2.1005
0.00326068 , 2.10067
0.00325888 , 2.10084
0.00325709 , 2.10101
0.00325524 , 2.10118
0.00325344 , 2.10135
0.00325165 , 2.10151
0.00324985 , 2.10168
0.00324806 , 2.10185
0.00324627 , 2.10202
0.00324447 , 2.10219
0.00324274 , 2.10236
0.00324088 , 2.10253
0.00323909 , 2.1027
0.0032373 , 2.10287
0.00323556 , 2.10304
0.00323383 , 2.1032
0.00323197 , 2.10337
0.00323024 , 2.10354
0.00322845 , 2.10371
0.00322671 , 2.10388
0.00322486 , 2.10405
0.00322312 , 2.10421
0.00322133 , 2.10438
0.0032196 , 2.10455
0.00321786 , 2.10472
0.00321607 , 2.10489
0.00321433 , 2.10505
0.00321254 , 2.10522
0.00321075 , 2.10539
0.00320895 , 2.10556
0.00320728 , 2.10572
0.00320548 , 2.10589
0.00320375 , 2.10606
0.00320208 , 2.10622
0.00320028 , 2.10639
0.00319861 , 2.10656
0.00319675 , 2.10672
0.00319496 , 2.10689
0.00319329 , 2.10706
0.00319155 , 2.10722
0.00318982 , 2.10739
0.00318814 , 2.10756
0.00318647 , 2.10772
0.00318468 , 2.10789
0.00318294 , 2.10805
0.00318115 , 2.10822
0.00317935 , 2.10838
0.00317774 , 2.10855
0.00317601 , 2.10872
0.00317433 , 2.10888
0.00317266 , 2.10905
0.00317092 , 2.10921
0.00316931 , 2.10938
0.00316745 , 2.10954
0.00316566 , 2.10971
0.00316399 , 2.10987
0.00316231 , 2.11004
0.00316064 , 2.1102
0.00315896 , 2.11037
0.00315729 , 2.11053
0.00315562 , 2.1107
0.00315388 , 2.11086
0.00315215 , 2.11102
0.00315035 , 2.11119
0.00314874 , 2.11135
0.00314707 , 2.11152
0.00314545 , 2.11168
0.00314378 , 2.11184
0.00314204 , 2.11201
0.00314043 , 2.11217
0.00313869 , 2.11234
0.0031369 , 2.1125
0.00313535 , 2.11266
0.00313361 , 2.11283
0.00313194 , 2.11299
0.00313032 , 2.11315
0.00312865 , 2.11332
0.00312703 , 2.11348
0.00312536 , 2.11364
0.00312369 , 2.1138
0.00312195 , 2.11397
0.00312028 , 2.11413
0.0031186 , 2.11429
0.00311699 , 2.11446
0.00311538 , 2.11462
0.00311376 , 2.11478
0.00311209 , 2.11494
0.00311041 , 2.1151
0.00310874 , 2.11527
0.00310712 , 2.11543
0.00310545 , 2.11559
0.00310378 , 2.11575
0.00310216 , 2.11591
0.00310055 , 2.11608
0.00309893 , 2.11624
0.00309726 , 2.1164
0.0030957 , 2.11656
0.00309397 , 2.11672
0.00309236 , 2.11688
0.00309074 , 2.11704
0.00308907 , 2.1172
0.00308745 , 2.11737
0.0030859 , 2.11753
0.00308429 , 2.11769
0.00308267 , 2.11785
0.00308106 , 2.11801
0.00307938 , 2.11817
0.00307783 , 2.11833
0.00307621 , 2.11849
0.00307454 , 2.11865
0.00307293 , 2.11881
0.00307131 , 2.11897
0.00306982 , 2.11913
0.00306814 , 2.11929
0.00306647 , 2.11945
0.00306491 , 2.11961
0.00306336 , 2.11977
0.00306175 , 2.11993
0.00306013 , 2.12009
0.00305852 , 2.12025
0.00305696 , 2.12041
0.00305535 , 2.12057
0.00305373 , 2.12073
0.00305212 , 2.12089
0.00305056 , 2.12104
0.00304907 , 2.1212
0.00304746 , 2.12136
0.0030459 , 2.12152
0.00304429 , 2.12168
0.00304267 , 2.12184
0.00304106 , 2.122
0.0030395 , 2.12216
0.00303789 , 2.12231
0.0030364 , 2.12247
0.00303484 , 2.12263
0.00303329 , 2.12279
0.00303173 , 2.12295
0.00303018 , 2.1231